-- This script is a dump of the academ.db built by my AcaDem project from the students transcripts
PRAGMA foreign_keys=OFF;
BEGIN TRANSACTION;
CREATE TABLE Disciplinas (
    Sigla         varchar(10) NOT NULL, 
    Nome          varchar(10) NOT NULL, 
    Creditos      integer(10), 
    CargaHoraria  integer(10),  
    PRIMARY KEY (Sigla)
    );
INSERT INTO Disciplinas VALUES('MAT01117','Geometria Analíticae Vetores',NULL,NULL);
INSERT INTO Disciplinas VALUES('MAT01101','Cálculo Diferenciale Integral I',NULL,NULL);
INSERT INTO Disciplinas VALUES('INF01106','Programação I',NULL,NULL);
INSERT INTO Disciplinas VALUES('MAT01104','Lógica Matemática',NULL,NULL);
INSERT INTO Disciplinas VALUES('INF01105','Organizaçãode Computadores',NULL,NULL);
INSERT INTO Disciplinas VALUES('INF01101','IntroduçãoàCiênciada Computação',NULL,NULL);
INSERT INTO Disciplinas VALUES('LEL04102','Inglês Instrumental I',NULL,NULL);
INSERT INTO Disciplinas VALUES('MAT01203','Cálculo Diferenciale Integral II',NULL,NULL);
INSERT INTO Disciplinas VALUES('MAT01212','Álgebra Linear',NULL,NULL);
INSERT INTO Disciplinas VALUES('FIS01202','Física Geral I',NULL,NULL);
INSERT INTO Disciplinas VALUES('FIS01204','Laboratóriode Física Geral I',NULL,NULL);
INSERT INTO Disciplinas VALUES('INF01209','Programação II',NULL,NULL);
INSERT INTO Disciplinas VALUES('INF01207','Estruturas Discretas',NULL,NULL);
INSERT INTO Disciplinas VALUES('INF01104','Lógica Digital',NULL,NULL);
INSERT INTO Disciplinas VALUES('LEL04206','Inglês Instrumental II',NULL,NULL);
INSERT INTO Disciplinas VALUES('MAT01105','Cálculo Diferenciale Integral III',NULL,NULL);
INSERT INTO Disciplinas VALUES('MAT01106','Método Matemático',NULL,NULL);
INSERT INTO Disciplinas VALUES('FIS01103','Física Geral II',NULL,NULL);
INSERT INTO Disciplinas VALUES('FIS01109','Laboratóriode Física Geral II',NULL,NULL);
INSERT INTO Disciplinas VALUES('INF01114','Estruturade Dados I',NULL,NULL);
INSERT INTO Disciplinas VALUES('INF01113','Paradigmasde Linguagensde Programação',NULL,NULL);
INSERT INTO Disciplinas VALUES('INF01112','Arquiteturade Computadores',NULL,NULL);
INSERT INTO Disciplinas VALUES('MAT01208','Cálculo Numérico',NULL,NULL);
INSERT INTO Disciplinas VALUES('MAT01201','Estatística EProbabilidades',NULL,NULL);
INSERT INTO Disciplinas VALUES('INF01202','Estruturade Dados II',NULL,NULL);
INSERT INTO Disciplinas VALUES('INF01204','Sistema Operacional',NULL,NULL);
INSERT INTO Disciplinas VALUES('INF01203','Programação Orientadaa Objetos',NULL,NULL);
INSERT INTO Disciplinas VALUES('INF01201','Análisee Projetode Sistemas',NULL,NULL);
INSERT INTO Disciplinas VALUES('MAT01107','Processos Estocásticos',NULL,NULL);
INSERT INTO Disciplinas VALUES('INF01115','Redesde Computadores',NULL,NULL);
INSERT INTO Disciplinas VALUES('INF01116','Bancode Dados I',NULL,NULL);
INSERT INTO Disciplinas VALUES('INF01117','Linguagens Formaise Teoriada Computação',NULL,NULL);
INSERT INTO Disciplinas VALUES('LES04514','Metodologiado Trabalho Cientíﬁco',NULL,NULL);
INSERT INTO Disciplinas VALUES('INF01119','Engenhariade Software',NULL,NULL);
INSERT INTO Disciplinas VALUES('INF01124','IntroduçãoàComputação Gráﬁca',NULL,NULL);
INSERT INTO Disciplinas VALUES('INF01212','Compiladores',NULL,NULL);
INSERT INTO Disciplinas VALUES('INF01206','Bancode Dados II',NULL,NULL);
INSERT INTO Disciplinas VALUES('INF01205','Inteligência Artiﬁcial',NULL,NULL);
INSERT INTO Disciplinas VALUES('INF01210','Paradigma OOpara Desenvolvimentode Software',NULL,NULL);
INSERT INTO Disciplinas VALUES('INF01211','Pesquisa Operacional',NULL,NULL);
INSERT INTO Disciplinas VALUES('INF01121','Testede Software',NULL,NULL);
INSERT INTO Disciplinas VALUES('INF01123','Interface Homem-Máquina',NULL,NULL);
INSERT INTO Disciplinas VALUES('LES04536','Computaçãoe Sociedade',NULL,NULL);
INSERT INTO Disciplinas VALUES('INF01122','Sistemas Distribuídos',NULL,NULL);
INSERT INTO Disciplinas VALUES('PRO01540','Empreendedorismo',NULL,NULL);
INSERT INTO Disciplinas VALUES('INF01130','Projetode Monograﬁa',NULL,NULL);
INSERT INTO Disciplinas VALUES('INF01131','Monograﬁa',NULL,NULL);
INSERT INTO Disciplinas VALUES('INF01127','Estagio Supervisionado',NULL,NULL);
CREATE TABLE Pre_requisitos (
    Pre_requisitante INTEGER,
    Pre_requisito    INTEGER,
    FOREIGN KEY (Pre_requisitante) 
        REFERENCES disciplinas(Sigla),
    FOREIGN KEY (Pre_requisito) 
        REFERENCES disciplinas(Sigla)
  );
INSERT INTO Pre_requisitos VALUES('MAT01203','MAT01101');
INSERT INTO Pre_requisitos VALUES('MAT01212','MAT01117');
INSERT INTO Pre_requisitos VALUES('FIS01202','MAT01101');
INSERT INTO Pre_requisitos VALUES('INF01209','INF01106');
INSERT INTO Pre_requisitos VALUES('INF01207','MAT01104');
INSERT INTO Pre_requisitos VALUES('INF01104','INF01105');
INSERT INTO Pre_requisitos VALUES('LEL04206','LEL04102');
INSERT INTO Pre_requisitos VALUES('MAT01105','MAT01203');
INSERT INTO Pre_requisitos VALUES('MAT01106','MAT01203');
INSERT INTO Pre_requisitos VALUES('FIS01103','FIS01202');
INSERT INTO Pre_requisitos VALUES('INF01114','INF01209');
INSERT INTO Pre_requisitos VALUES('INF01113','INF01209');
INSERT INTO Pre_requisitos VALUES('INF01112','INF01104');
INSERT INTO Pre_requisitos VALUES('MAT01208','MAT01106');
INSERT INTO Pre_requisitos VALUES('MAT01208','MAT01212');
INSERT INTO Pre_requisitos VALUES('MAT01201','MAT01105');
INSERT INTO Pre_requisitos VALUES('INF01202','INF01114');
INSERT INTO Pre_requisitos VALUES('INF01204','INF01112');
INSERT INTO Pre_requisitos VALUES('INF01203','INF01114');
INSERT INTO Pre_requisitos VALUES('INF01201','INF01101');
INSERT INTO Pre_requisitos VALUES('INF01201','INF01209');
INSERT INTO Pre_requisitos VALUES('MAT01107','MAT01201');
INSERT INTO Pre_requisitos VALUES('INF01115','INF01204');
INSERT INTO Pre_requisitos VALUES('INF01116','INF01202');
INSERT INTO Pre_requisitos VALUES('INF01117','INF01207');
INSERT INTO Pre_requisitos VALUES('INF01117','INF01113');
INSERT INTO Pre_requisitos VALUES('INF01119','INF01201');
INSERT INTO Pre_requisitos VALUES('INF01124','MAT01208');
INSERT INTO Pre_requisitos VALUES('INF01124','MAT01107');
INSERT INTO Pre_requisitos VALUES('INF01124','FIS01103');
INSERT INTO Pre_requisitos VALUES('INF01212','INF01117');
INSERT INTO Pre_requisitos VALUES('INF01206','INF01116');
INSERT INTO Pre_requisitos VALUES('INF01205','INF01202');
INSERT INTO Pre_requisitos VALUES('INF01210','INF01203');
INSERT INTO Pre_requisitos VALUES('INF01210','INF01119');
INSERT INTO Pre_requisitos VALUES('INF01211','MAT01208');
INSERT INTO Pre_requisitos VALUES('INF01121','INF01210');
INSERT INTO Pre_requisitos VALUES('INF01123','INF01205');
INSERT INTO Pre_requisitos VALUES('INF01122','INF01115');
INSERT INTO Pre_requisitos VALUES('PRO01540','INF01211');
INSERT INTO Pre_requisitos VALUES('INF01130','PRO01540');
INSERT INTO Pre_requisitos VALUES('INF01130','INF01124');
INSERT INTO Pre_requisitos VALUES('INF01130','INF01122');
INSERT INTO Pre_requisitos VALUES('INF01130','INF01212');
INSERT INTO Pre_requisitos VALUES('INF01130','INF01206');
INSERT INTO Pre_requisitos VALUES('INF01130','INF01123');
INSERT INTO Pre_requisitos VALUES('INF01130','INF01121');
INSERT INTO Pre_requisitos VALUES('INF01131','INF01130');
INSERT INTO Pre_requisitos VALUES('INF01127','INF01130');
INSERT INTO Pre_requisitos VALUES('MAT01203','MAT01101');
INSERT INTO Pre_requisitos VALUES('MAT01212','MAT01117');
INSERT INTO Pre_requisitos VALUES('FIS01202','MAT01101');
INSERT INTO Pre_requisitos VALUES('INF01209','INF01106');
INSERT INTO Pre_requisitos VALUES('INF01207','MAT01104');
INSERT INTO Pre_requisitos VALUES('INF01104','INF01105');
INSERT INTO Pre_requisitos VALUES('LEL04206','LEL04102');
INSERT INTO Pre_requisitos VALUES('MAT01105','MAT01203');
INSERT INTO Pre_requisitos VALUES('MAT01106','MAT01203');
INSERT INTO Pre_requisitos VALUES('FIS01103','FIS01202');
INSERT INTO Pre_requisitos VALUES('INF01114','INF01209');
INSERT INTO Pre_requisitos VALUES('INF01113','INF01209');
INSERT INTO Pre_requisitos VALUES('INF01112','INF01104');
INSERT INTO Pre_requisitos VALUES('MAT01208','MAT01106');
INSERT INTO Pre_requisitos VALUES('MAT01208','MAT01212');
INSERT INTO Pre_requisitos VALUES('MAT01201','MAT01105');
INSERT INTO Pre_requisitos VALUES('INF01202','INF01114');
INSERT INTO Pre_requisitos VALUES('INF01204','INF01112');
INSERT INTO Pre_requisitos VALUES('INF01203','INF01114');
INSERT INTO Pre_requisitos VALUES('INF01201','INF01101');
INSERT INTO Pre_requisitos VALUES('INF01201','INF01209');
INSERT INTO Pre_requisitos VALUES('MAT01107','MAT01201');
INSERT INTO Pre_requisitos VALUES('INF01115','INF01204');
INSERT INTO Pre_requisitos VALUES('INF01116','INF01202');
INSERT INTO Pre_requisitos VALUES('INF01117','INF01207');
INSERT INTO Pre_requisitos VALUES('INF01117','INF01113');
INSERT INTO Pre_requisitos VALUES('INF01119','INF01201');
INSERT INTO Pre_requisitos VALUES('INF01124','MAT01208');
INSERT INTO Pre_requisitos VALUES('INF01124','MAT01107');
INSERT INTO Pre_requisitos VALUES('INF01124','FIS01103');
INSERT INTO Pre_requisitos VALUES('INF01212','INF01117');
INSERT INTO Pre_requisitos VALUES('INF01206','INF01116');
INSERT INTO Pre_requisitos VALUES('INF01205','INF01202');
INSERT INTO Pre_requisitos VALUES('INF01210','INF01203');
INSERT INTO Pre_requisitos VALUES('INF01210','INF01119');
INSERT INTO Pre_requisitos VALUES('INF01211','MAT01208');
INSERT INTO Pre_requisitos VALUES('INF01121','INF01210');
INSERT INTO Pre_requisitos VALUES('INF01123','INF01205');
INSERT INTO Pre_requisitos VALUES('INF01122','INF01115');
INSERT INTO Pre_requisitos VALUES('PRO01540','INF01211');
INSERT INTO Pre_requisitos VALUES('INF01130','PRO01540');
INSERT INTO Pre_requisitos VALUES('INF01130','INF01124');
INSERT INTO Pre_requisitos VALUES('INF01130','INF01122');
INSERT INTO Pre_requisitos VALUES('INF01130','INF01212');
INSERT INTO Pre_requisitos VALUES('INF01130','INF01206');
INSERT INTO Pre_requisitos VALUES('INF01130','INF01123');
INSERT INTO Pre_requisitos VALUES('INF01130','INF01121');
INSERT INTO Pre_requisitos VALUES('INF01131','INF01130');
INSERT INTO Pre_requisitos VALUES('INF01127','INF01130');
INSERT INTO Pre_requisitos VALUES('MAT01203','MAT01101');
INSERT INTO Pre_requisitos VALUES('MAT01212','MAT01117');
INSERT INTO Pre_requisitos VALUES('FIS01202','MAT01101');
INSERT INTO Pre_requisitos VALUES('INF01209','INF01106');
INSERT INTO Pre_requisitos VALUES('INF01207','MAT01104');
INSERT INTO Pre_requisitos VALUES('INF01104','INF01105');
INSERT INTO Pre_requisitos VALUES('LEL04206','LEL04102');
INSERT INTO Pre_requisitos VALUES('MAT01105','MAT01203');
INSERT INTO Pre_requisitos VALUES('MAT01106','MAT01203');
INSERT INTO Pre_requisitos VALUES('FIS01103','FIS01202');
INSERT INTO Pre_requisitos VALUES('INF01114','INF01209');
INSERT INTO Pre_requisitos VALUES('INF01113','INF01209');
INSERT INTO Pre_requisitos VALUES('INF01112','INF01104');
INSERT INTO Pre_requisitos VALUES('MAT01208','MAT01106');
INSERT INTO Pre_requisitos VALUES('MAT01208','MAT01212');
INSERT INTO Pre_requisitos VALUES('MAT01201','MAT01105');
INSERT INTO Pre_requisitos VALUES('INF01202','INF01114');
INSERT INTO Pre_requisitos VALUES('INF01204','INF01112');
INSERT INTO Pre_requisitos VALUES('INF01203','INF01114');
INSERT INTO Pre_requisitos VALUES('INF01201','INF01101');
INSERT INTO Pre_requisitos VALUES('INF01201','INF01209');
INSERT INTO Pre_requisitos VALUES('MAT01107','MAT01201');
INSERT INTO Pre_requisitos VALUES('INF01115','INF01204');
INSERT INTO Pre_requisitos VALUES('INF01116','INF01202');
INSERT INTO Pre_requisitos VALUES('INF01117','INF01207');
INSERT INTO Pre_requisitos VALUES('INF01117','INF01113');
INSERT INTO Pre_requisitos VALUES('INF01119','INF01201');
INSERT INTO Pre_requisitos VALUES('INF01124','MAT01208');
INSERT INTO Pre_requisitos VALUES('INF01124','MAT01107');
INSERT INTO Pre_requisitos VALUES('INF01124','FIS01103');
INSERT INTO Pre_requisitos VALUES('INF01212','INF01117');
INSERT INTO Pre_requisitos VALUES('INF01206','INF01116');
INSERT INTO Pre_requisitos VALUES('INF01205','INF01202');
INSERT INTO Pre_requisitos VALUES('INF01210','INF01203');
INSERT INTO Pre_requisitos VALUES('INF01210','INF01119');
INSERT INTO Pre_requisitos VALUES('INF01211','MAT01208');
INSERT INTO Pre_requisitos VALUES('INF01121','INF01210');
INSERT INTO Pre_requisitos VALUES('INF01123','INF01205');
INSERT INTO Pre_requisitos VALUES('INF01122','INF01115');
INSERT INTO Pre_requisitos VALUES('PRO01540','INF01211');
INSERT INTO Pre_requisitos VALUES('INF01130','PRO01540');
INSERT INTO Pre_requisitos VALUES('INF01130','INF01124');
INSERT INTO Pre_requisitos VALUES('INF01130','INF01122');
INSERT INTO Pre_requisitos VALUES('INF01130','INF01212');
INSERT INTO Pre_requisitos VALUES('INF01130','INF01206');
INSERT INTO Pre_requisitos VALUES('INF01130','INF01123');
INSERT INTO Pre_requisitos VALUES('INF01130','INF01121');
INSERT INTO Pre_requisitos VALUES('INF01131','INF01130');
INSERT INTO Pre_requisitos VALUES('INF01127','INF01130');
CREATE TABLE DisciplinasCursadas (
    EstudanteMatricula integer(10) NOT NULL, 
    DisciplinasSigla   varchar(10) NOT NULL, 
    Nota               varchar(4) NOT NULL, 
    Situacao           varchar(3) NOT NULL, 
    PRIMARY KEY (
      EstudanteMatricula, 
      DisciplinasSigla), 
    FOREIGN KEY(EstudanteMatricula) 
      REFERENCES Estudante(Matricula), 
    FOREIGN KEY(DisciplinasSigla) 
      REFERENCES Disciplinas(Sigla));
INSERT INTO DisciplinasCursadas VALUES(119110351,'INF01101','8,6','APR');
INSERT INTO DisciplinasCursadas VALUES(119110351,'INF01105','9,5','APR');
INSERT INTO DisciplinasCursadas VALUES(119110351,'INF01106','5,0','APR');
INSERT INTO DisciplinasCursadas VALUES(119110351,'MAT01101','6,4','APR');
INSERT INTO DisciplinasCursadas VALUES(119110351,'MAT01104','7,2','APR');
INSERT INTO DisciplinasCursadas VALUES(119110351,'MAT01117','5,3','APR');
INSERT INTO DisciplinasCursadas VALUES(119110351,'FIS01202','8,3','CVD');
INSERT INTO DisciplinasCursadas VALUES(119110351,'FIS01204','7,6','APR');
INSERT INTO DisciplinasCursadas VALUES(119110351,'INF01104','6,8','APR');
INSERT INTO DisciplinasCursadas VALUES(119110351,'INF01207','5,0','APR');
INSERT INTO DisciplinasCursadas VALUES(119110351,'INF01209','8,7','APR');
INSERT INTO DisciplinasCursadas VALUES(119110351,'LEL04102','9,5','APR');
INSERT INTO DisciplinasCursadas VALUES(119110351,'MAT01203','7,5','CVD');
INSERT INTO DisciplinasCursadas VALUES(119110351,'MAT01212','6,1','APR');
INSERT INTO DisciplinasCursadas VALUES(119110351,'INF01112','9,4','CVD');
INSERT INTO DisciplinasCursadas VALUES(119110351,'INF01113','7,3','CVD');
INSERT INTO DisciplinasCursadas VALUES(119110351,'INF01114','7,2','CVD');
INSERT INTO DisciplinasCursadas VALUES(119110351,'LES04536','---','CVD');
INSERT INTO DisciplinasCursadas VALUES(119110351,'PRO01102','---','TCNL');
INSERT INTO DisciplinasCursadas VALUES(119110351,'INF01202','8,2','CVD');
INSERT INTO DisciplinasCursadas VALUES(119110351,'INF01203','7,5','CVD');
INSERT INTO DisciplinasCursadas VALUES(119110351,'INF01204','8,7','CVD');
INSERT INTO DisciplinasCursadas VALUES(119110351,'LEL04206','---','CVD');
INSERT INTO DisciplinasCursadas VALUES(119110393,'INF01101','9,5','APR');
INSERT INTO DisciplinasCursadas VALUES(119110393,'INF01105','8,4','APR');
INSERT INTO DisciplinasCursadas VALUES(119110393,'INF01106','8,0','APR');
INSERT INTO DisciplinasCursadas VALUES(119110393,'MAT01101','8,4','APR');
INSERT INTO DisciplinasCursadas VALUES(119110393,'MAT01104','10,0','APR');
INSERT INTO DisciplinasCursadas VALUES(119110393,'MAT01117','8,8','APR');
INSERT INTO DisciplinasCursadas VALUES(119110393,'FIS01202','7,4','APR');
INSERT INTO DisciplinasCursadas VALUES(119110393,'FIS01204','7,9','APR');
INSERT INTO DisciplinasCursadas VALUES(119110393,'INF01104','9,5','APR');
INSERT INTO DisciplinasCursadas VALUES(119110393,'INF01207','8,5','APR');
INSERT INTO DisciplinasCursadas VALUES(119110393,'INF01209','9,4','APR');
INSERT INTO DisciplinasCursadas VALUES(119110393,'MAT01203','9,1','APR');
INSERT INTO DisciplinasCursadas VALUES(119110393,'MAT01212','8,6','APR');
INSERT INTO DisciplinasCursadas VALUES(119110393,'FIS01103','9,0','CVD');
INSERT INTO DisciplinasCursadas VALUES(119110393,'FIS01109','---','TCNL');
INSERT INTO DisciplinasCursadas VALUES(119110393,'INF01112','9,9','CVD');
INSERT INTO DisciplinasCursadas VALUES(119110393,'INF01113','9,3','CVD');
INSERT INTO DisciplinasCursadas VALUES(119110393,'INF01114','9,5','CVD');
INSERT INTO DisciplinasCursadas VALUES(119110393,'MAT01105','---','CVD');
INSERT INTO DisciplinasCursadas VALUES(119110393,'MAT01106','---','CVD');
INSERT INTO DisciplinasCursadas VALUES(119110393,'INF01202','8,8','CVD');
INSERT INTO DisciplinasCursadas VALUES(119110393,'INF01203','9,0','CVD');
INSERT INTO DisciplinasCursadas VALUES(119110393,'INF01204','10,0','CVD');
INSERT INTO DisciplinasCursadas VALUES(119110393,'INF01211','8,3','CVD');
INSERT INTO DisciplinasCursadas VALUES(119110393,'INF01226','10,0','CVD');
INSERT INTO DisciplinasCursadas VALUES(119110393,'INF01240','9,1','CVD');
INSERT INTO DisciplinasCursadas VALUES(119110393,'LEL04102','---','CVD');
INSERT INTO DisciplinasCursadas VALUES(119110393,'LEL04206','---','CVD');
INSERT INTO DisciplinasCursadas VALUES(119110393,'LGP14012','9,6','CVD');
INSERT INTO DisciplinasCursadas VALUES(119110393,'MAT01208','---','CVD');
INSERT INTO DisciplinasCursadas VALUES(119110393,'PRO01121','9,3','CVD');
INSERT INTO DisciplinasCursadas VALUES(119110468,'INF01101','8,3','APR');
INSERT INTO DisciplinasCursadas VALUES(119110468,'INF01105','9,0','APR');
INSERT INTO DisciplinasCursadas VALUES(119110468,'INF01106','8,1','APR');
INSERT INTO DisciplinasCursadas VALUES(119110468,'MAT01101','8,6','APR');
INSERT INTO DisciplinasCursadas VALUES(119110468,'MAT01104','9,2','APR');
INSERT INTO DisciplinasCursadas VALUES(119110468,'MAT01117','8,8','APR');
INSERT INTO DisciplinasCursadas VALUES(119110468,'FIS01202','9,3','CVD');
INSERT INTO DisciplinasCursadas VALUES(119110468,'FIS01204','7,8','APR');
INSERT INTO DisciplinasCursadas VALUES(119110468,'INF01104','8,2','APR');
INSERT INTO DisciplinasCursadas VALUES(119110468,'INF01207','6,0','APR');
INSERT INTO DisciplinasCursadas VALUES(119110468,'INF01209','8,2','APR');
INSERT INTO DisciplinasCursadas VALUES(119110468,'MAT01203','7,0','APR');
INSERT INTO DisciplinasCursadas VALUES(119110468,'MAT01212','7,0','APR');
INSERT INTO DisciplinasCursadas VALUES(119110468,'INF01112','9,9','CVD');
INSERT INTO DisciplinasCursadas VALUES(119110468,'INF01113','8,7','CVD');
INSERT INTO DisciplinasCursadas VALUES(119110468,'INF01114','7,6','CVD');
INSERT INTO DisciplinasCursadas VALUES(119110468,'MAT01105','---','CVD');
INSERT INTO DisciplinasCursadas VALUES(119110468,'MAT01106','---','CVD');
INSERT INTO DisciplinasCursadas VALUES(119110468,'INF01202','8,4','CVD');
INSERT INTO DisciplinasCursadas VALUES(119110468,'INF01203','9,0','CVD');
INSERT INTO DisciplinasCursadas VALUES(119110468,'INF01204','9,1','CVD');
INSERT INTO DisciplinasCursadas VALUES(119110468,'INF01211','8,1','CVD');
INSERT INTO DisciplinasCursadas VALUES(119110468,'INF01226','10,0','CVD');
INSERT INTO DisciplinasCursadas VALUES(119110468,'INF01240','9,8','CVD');
INSERT INTO DisciplinasCursadas VALUES(119110468,'MAT01208','---','CVD');
INSERT INTO DisciplinasCursadas VALUES(119110468,'PRO01121','9,3','CVD');
INSERT INTO DisciplinasCursadas VALUES(119110377,'INF01101','9,1','APR');
INSERT INTO DisciplinasCursadas VALUES(119110377,'INF01105','9,0','APR');
INSERT INTO DisciplinasCursadas VALUES(119110377,'INF01106','9,8','APR');
INSERT INTO DisciplinasCursadas VALUES(119110377,'MAT01101','7,8','APR');
INSERT INTO DisciplinasCursadas VALUES(119110377,'MAT01104','10,0','APR');
INSERT INTO DisciplinasCursadas VALUES(119110377,'MAT01117','8,0','APR');
INSERT INTO DisciplinasCursadas VALUES(119110377,'FIS01202','6,3','APR');
INSERT INTO DisciplinasCursadas VALUES(119110377,'FIS01204','7,8','APR');
INSERT INTO DisciplinasCursadas VALUES(119110377,'INF01104','10,0','APR');
INSERT INTO DisciplinasCursadas VALUES(119110377,'INF01207','7,7','APR');
INSERT INTO DisciplinasCursadas VALUES(119110377,'INF01209','8,6','APR');
INSERT INTO DisciplinasCursadas VALUES(119110377,'LEL04102','9,9','APR');
INSERT INTO DisciplinasCursadas VALUES(119110377,'MAT01203','6,4','APR');
INSERT INTO DisciplinasCursadas VALUES(119110377,'MAT01212','8,4','APR');
INSERT INTO DisciplinasCursadas VALUES(119110377,'FIS01103','8,7','CVD');
INSERT INTO DisciplinasCursadas VALUES(119110377,'FIS01109','---','TCNL');
INSERT INTO DisciplinasCursadas VALUES(119110377,'INF01112','9,7','CVD');
INSERT INTO DisciplinasCursadas VALUES(119110377,'INF01113','7,3','CVD');
INSERT INTO DisciplinasCursadas VALUES(119110377,'INF01114','8,8','CVD');
INSERT INTO DisciplinasCursadas VALUES(119110377,'LES04536','---','CVD');
INSERT INTO DisciplinasCursadas VALUES(119110377,'MAT01105','---','CVD');
INSERT INTO DisciplinasCursadas VALUES(119110377,'MAT01106','---','CVD');
INSERT INTO DisciplinasCursadas VALUES(119110377,'INF01202','9,0','CVD');
INSERT INTO DisciplinasCursadas VALUES(119110377,'INF01203','8,0','CVD');
INSERT INTO DisciplinasCursadas VALUES(119110377,'INF01204','8,9','CVD');
INSERT INTO DisciplinasCursadas VALUES(119110377,'INF01211','7,7','CVD');
INSERT INTO DisciplinasCursadas VALUES(119110377,'INF01226','10,0','CVD');
INSERT INTO DisciplinasCursadas VALUES(119110377,'INF01240','8,2','CVD');
INSERT INTO DisciplinasCursadas VALUES(119110377,'LEL04101','10,0','CVD');
INSERT INTO DisciplinasCursadas VALUES(119110377,'LEL04206','---','CVD');
INSERT INTO DisciplinasCursadas VALUES(119110377,'LGP04001','8,5','CVD');
INSERT INTO DisciplinasCursadas VALUES(119110377,'LGP04022','9,5','CVD');
INSERT INTO DisciplinasCursadas VALUES(119110377,'LGP14012','7,9','CVD');
INSERT INTO DisciplinasCursadas VALUES(119110377,'LMT01310','9,0','CVD');
INSERT INTO DisciplinasCursadas VALUES(119110377,'MAT01208','---','CVD');
INSERT INTO DisciplinasCursadas VALUES(119110377,'PRO01121','9,3','CVD');
CREATE TABLE EnsinoMedio (
    EstudanteMatricula integer(10) NOT NULL, 
    Instituicao        varchar(255), 
    Cidade             varchar(255), 
    AnoConclusao       char(4), 
    FOREIGN KEY(EstudanteMatricula) 
      REFERENCES Estudante(Matricula));
INSERT INTO EnsinoMedio VALUES(119110351,'SISU','Ampla concorrência','2019/1');
INSERT INTO EnsinoMedio VALUES(119110393,'SISU','Ampla concorrência','2019/1');
INSERT INTO EnsinoMedio VALUES(119110468,'SISU','Negro','2019/1');
INSERT INTO EnsinoMedio VALUES(119110377,'SISU','Ampla concorrência','2019/1');
INSERT INTO EnsinoMedio VALUES(119110351,'SISU','Ampla concorrência','2019/1');
INSERT INTO EnsinoMedio VALUES(119110393,'SISU','Ampla concorrência','2019/1');
INSERT INTO EnsinoMedio VALUES(119110468,'SISU','Negro','2019/1');
INSERT INTO EnsinoMedio VALUES(119110377,'SISU','Ampla concorrência','2019/1');
INSERT INTO EnsinoMedio VALUES(119110351,'SISU','Ampla concorrência','2019/1');
INSERT INTO EnsinoMedio VALUES(119110393,'SISU','Ampla concorrência','2019/1');
INSERT INTO EnsinoMedio VALUES(119110468,'SISU','Negro','2019/1');
INSERT INTO EnsinoMedio VALUES(119110377,'SISU','Ampla concorrência','2019/1');
INSERT INTO EnsinoMedio VALUES(119110351,'SISU','Ampla concorrência','2019/1');
INSERT INTO EnsinoMedio VALUES(119110393,'SISU','Ampla concorrência','2019/1');
INSERT INTO EnsinoMedio VALUES(119110468,'SISU','Negro','2019/1');
INSERT INTO EnsinoMedio VALUES(119110377,'SISU','Ampla concorrência','2019/1');
CREATE TABLE Estudante (
    Matricula     integer(10) NOT NULL, 
    Nome          varchar(255) NOT NULL, 
    Situacao      varchar(255) NOT NULL, 
    Centro        varchar(255) NOT NULL, 
    Curso         varchar(255) NOT NULL, 
    DataMatricula char(10) NOT NULL, 
    CreditosAcum  integer(10) NOT NULL, 
    CargaHoraria  varchar(255) NOT NULL, 
    CRE           varchar(5) NOT NULL, 
    PRIMARY KEY (Matricula));
INSERT INTO Estudante VALUES(119110351,'João Bosco Pedrosa Filho','Ativo','CCT - Centro de Ciência e Tecnologia','Bacharelado em Ciência da Computação (Presencial)','31/01/2019',73,'1445 horas (1037 teóricas, 408 práticas, 0 extraclasse)','7.4');
INSERT INTO Estudante VALUES(119110393,'Daniel Brito dos Santos','Ativo','CCT - Centro de Ciência e Tecnologia','Bacharelado em Ciência da Computação (Presencial)','01/02/2019',104,'2006 horas (1530 teóricas, 476 práticas, 0 extraclasse)','9.0');
INSERT INTO Estudante VALUES(119110468,'José Lúcio Castro Azevedo','Ativo','CCT - Centro de Ciência e Tecnologia','Bacharelado em Ciência da Computação (Presencial)','31/01/2019',92,'1734 horas (1394 teóricas, 340 práticas, 0 extraclasse)','8.5');
INSERT INTO Estudante VALUES(119110377,'João Vitor Fernandes Dias','Ativo','CCT - Centro de Ciência e Tecnologia','Bacharelado em Ciência da Computação (Presencial)','31/01/2019',118,'2278 horas (1734 teóricas, 544 práticas, 0 extraclasse)','8.6');
CREATE TABLE Ingresso (
    EstudanteMatricula integer(10) NOT NULL, 
    FormaIngresso      varchar(255) NOT NULL, 
    Cota               varchar(255) NOT NULL, 
    AnoSemestre        char(6) NOT NULL, 
    FOREIGN KEY(EstudanteMatricula) 
      REFERENCES Estudante(Matricula));
INSERT INTO Ingresso VALUES(119110351,'SISU','Ampla concorrência','2019/1');
INSERT INTO Ingresso VALUES(119110393,'SISU','Ampla concorrência','2019/1');
INSERT INTO Ingresso VALUES(119110468,'SISU','Negro','2019/1');
INSERT INTO Ingresso VALUES(119110377,'SISU','Ampla concorrência','2019/1');
INSERT INTO Ingresso VALUES(119110351,'SISU','Ampla concorrência','2019/1');
INSERT INTO Ingresso VALUES(119110393,'SISU','Ampla concorrência','2019/1');
INSERT INTO Ingresso VALUES(119110468,'SISU','Negro','2019/1');
INSERT INTO Ingresso VALUES(119110377,'SISU','Ampla concorrência','2019/1');
INSERT INTO Ingresso VALUES(119110351,'SISU','Ampla concorrência','2019/1');
INSERT INTO Ingresso VALUES(119110393,'SISU','Ampla concorrência','2019/1');
INSERT INTO Ingresso VALUES(119110468,'SISU','Negro','2019/1');
INSERT INTO Ingresso VALUES(119110377,'SISU','Ampla concorrência','2019/1');
INSERT INTO Ingresso VALUES(119110351,'SISU','Ampla concorrência','2019/1');
INSERT INTO Ingresso VALUES(119110393,'SISU','Ampla concorrência','2019/1');
INSERT INTO Ingresso VALUES(119110468,'SISU','Negro','2019/1');
INSERT INTO Ingresso VALUES(119110377,'SISU','Ampla concorrência','2019/1');
CREATE TABLE NotasEnem (
    EstudanteMatricula integer(10) NOT NULL, 
    Redacao            char(7) NOT NULL, 
    Linguagens         char(7) NOT NULL, 
    Matematica         char(7) NOT NULL, 
    CienNat            char(7) NOT NULL, 
    CienHum            char(7) NOT NULL, 
    Curso              char(7) NOT NULL, 
    FOREIGN KEY(EstudanteMatricula) 
      REFERENCES Estudante(Matricula));
INSERT INTO NotasEnem VALUES(119110351,'700,00','619,80','733,00','579,70','676,00','678,72');
INSERT INTO NotasEnem VALUES(119110393,'840,00','653,40','757,80','727,70','727,10','754,71');
INSERT INTO NotasEnem VALUES(119110468,'720,00','576,70','680,00','513,80','653,80','641,81');
INSERT INTO NotasEnem VALUES(119110377,'840,00','593,90','782,10','710,10','660,30','748,28');
INSERT INTO NotasEnem VALUES(119110351,'700,00','619,80','733,00','579,70','676,00','678,72');
INSERT INTO NotasEnem VALUES(119110393,'840,00','653,40','757,80','727,70','727,10','754,71');
INSERT INTO NotasEnem VALUES(119110468,'720,00','576,70','680,00','513,80','653,80','641,81');
INSERT INTO NotasEnem VALUES(119110377,'840,00','593,90','782,10','710,10','660,30','748,28');
INSERT INTO NotasEnem VALUES(119110351,'700,00','619,80','733,00','579,70','676,00','678,72');
INSERT INTO NotasEnem VALUES(119110393,'840,00','653,40','757,80','727,70','727,10','754,71');
INSERT INTO NotasEnem VALUES(119110468,'720,00','576,70','680,00','513,80','653,80','641,81');
INSERT INTO NotasEnem VALUES(119110377,'840,00','593,90','782,10','710,10','660,30','748,28');
INSERT INTO NotasEnem VALUES(119110351,'700,00','619,80','733,00','579,70','676,00','678,72');
INSERT INTO NotasEnem VALUES(119110393,'840,00','653,40','757,80','727,70','727,10','754,71');
INSERT INTO NotasEnem VALUES(119110468,'720,00','576,70','680,00','513,80','653,80','641,81');
INSERT INTO NotasEnem VALUES(119110377,'840,00','593,90','782,10','710,10','660,30','748,28');
COMMIT;
